{
    "openapi": "3.0.1",
    "info": {
        "title": "BASIC PAWSTIME API",
        "version": "v1"
    },
    "servers": [
        {
            "url": "http://localhost:8080/",
            "description": "local test"
        },
        {
            "url": "http://43.200.46.13:8080/",
            "description": "dev test"
        }
    ],
    "security": [
        {
            "bearerAuth": []
        }
    ],
    "tags": [
        {
            "name": "USER API",
            "description": "유저 API"
        },
        {
            "name": "Post",
            "description": "게시글 API"
        },
        {
            "name": "Comment",
            "description": "댓글 API"
        },
        {
            "name": "Post1",
            "description": "정보게시판 API"
        },
        {
            "name": "Board",
            "description": "게사판 API"
        }
    ],
    "paths": {
        "/post/{postId}": {
            "get": {
                "tags": [
                    "Post"
                ],
                "summary": "게시글 상세 조회",
                "description": "게시글 ID로 상세 조회를 할 수 있습니다.",
                "operationId": "getDetailPost",
                "parameters": [
                    {
                        "name": "postId",
                        "in": "path",
                        "required": true,
                        "schema": {
                            "type": "integer",
                            "format": "int64"
                        }
                    }
                ],
                "responses": {
                    "200": {
                        "description": "OK",
                        "content": {
                            "*/*": {
                                "schema": {
                                    "$ref": "#/components/schemas/ApiResponseGetDetailPostRespDto"
                                }
                            }
                        }
                    }
                }
            },
            "put": {
                "tags": [
                    "Post"
                ],
                "summary": "게시글 수정",
                "description": "게시글을 수정할 수 있습니다.",
                "operationId": "updatePost",
                "parameters": [
                    {
                        "name": "postId",
                        "in": "path",
                        "required": true,
                        "schema": {
                            "type": "integer",
                            "format": "int64"
                        }
                    }
                ],
                "requestBody": {
                    "content": {
                        "application/json": {
                            "schema": {
                                "$ref": "#/components/schemas/UpdatePostReqDto"
                            }
                        }
                    },
                    "required": true
                },
                "responses": {
                    "200": {
                        "description": "OK",
                        "content": {
                            "*/*": {
                                "schema": {
                                    "$ref": "#/components/schemas/ApiResponseVoid"
                                }
                            }
                        }
                    }
                }
            },
            "delete": {
                "tags": [
                    "Post"
                ],
                "summary": "게시글 삭제",
                "description": "게시글을 삭제할 수 있습니다.",
                "operationId": "deletePost",
                "parameters": [
                    {
                        "name": "postId",
                        "in": "path",
                        "required": true,
                        "schema": {
                            "type": "integer",
                            "format": "int64"
                        }
                    }
                ],
                "responses": {
                    "200": {
                        "description": "OK",
                        "content": {
                            "*/*": {
                                "schema": {
                                    "$ref": "#/components/schemas/ApiResponseVoid"
                                }
                            }
                        }
                    }
                }
            }
        },
        "/comments/{commentId}": {
            "put": {
                "tags": [
                    "Comment"
                ],
                "summary": "댓글 수정",
                "description": "선택한 댓글을 수정합니다.",
                "operationId": "updateComment",
                "parameters": [
                    {
                        "name": "commentId",
                        "in": "path",
                        "required": true,
                        "schema": {
                            "type": "integer",
                            "format": "int64"
                        }
                    }
                ],
                "requestBody": {
                    "content": {
                        "application/json": {
                            "schema": {
                                "$ref": "#/components/schemas/UpdateCommentReqDto"
                            }
                        }
                    },
                    "required": true
                },
                "responses": {
                    "200": {
                        "description": "OK",
                        "content": {
                            "*/*": {
                                "schema": {
                                    "$ref": "#/components/schemas/ApiResponseVoid"
                                }
                            }
                        }
                    }
                }
            },
            "delete": {
                "tags": [
                    "Comment"
                ],
                "summary": "댓글 삭제",
                "description": "선택한 댓글을 삭제합니다.",
                "operationId": "deleteComment",
                "parameters": [
                    {
                        "name": "commentId",
                        "in": "path",
                        "required": true,
                        "schema": {
                            "type": "integer",
                            "format": "int64"
                        }
                    }
                ],
                "responses": {
                    "200": {
                        "description": "OK",
                        "content": {
                            "*/*": {
                                "schema": {
                                    "$ref": "#/components/schemas/ApiResponseVoid"
                                }
                            }
                        }
                    }
                }
            }
        },
        "/board/{boardId}": {
            "get": {
                "tags": [
                    "Board"
                ],
                "summary": "게시판 상세 조회",
                "description": "board_id를 입력하면 title, description을 조회할 수 있습니다.",
                "operationId": "getBoard",
                "parameters": [
                    {
                        "name": "boardId",
                        "in": "path",
                        "required": true,
                        "schema": {
                            "type": "integer",
                            "format": "int64"
                        }
                    }
                ],
                "responses": {
                    "200": {
                        "description": "OK",
                        "content": {
                            "*/*": {
                                "schema": {
                                    "$ref": "#/components/schemas/ApiResponseGetBoardRespDto"
                                }
                            }
                        }
                    }
                }
            },
            "put": {
                "tags": [
                    "Board"
                ],
                "summary": "게시판 수정",
                "description": "선택한 게시판의 제목, 설명을 수정할 수 있습니다.",
                "operationId": "updateBoard",
                "parameters": [
                    {
                        "name": "boardId",
                        "in": "path",
                        "required": true,
                        "schema": {
                            "type": "integer",
                            "format": "int64"
                        }
                    }
                ],
                "requestBody": {
                    "content": {
                        "application/json": {
                            "schema": {
                                "$ref": "#/components/schemas/UpdateBoardReqDto"
                            }
                        }
                    },
                    "required": true
                },
                "responses": {
                    "200": {
                        "description": "OK",
                        "content": {
                            "*/*": {
                                "schema": {
                                    "$ref": "#/components/schemas/ApiResponseVoid"
                                }
                            }
                        }
                    }
                }
            }
        },
        "/board/delete/{boardId}": {
            "put": {
                "tags": [
                    "Board"
                ],
                "summary": "게시판 삭제",
                "description": "선택한 게시판을 삭제합니다.",
                "operationId": "deleteBoard",
                "parameters": [
                    {
                        "name": "boardId",
                        "in": "path",
                        "required": true,
                        "schema": {
                            "type": "integer",
                            "format": "int64"
                        }
                    }
                ],
                "responses": {
                    "200": {
                        "description": "OK",
                        "content": {
                            "*/*": {
                                "schema": {
                                    "$ref": "#/components/schemas/ApiResponseVoid"
                                }
                            }
                        }
                    }
                }
            }
        },
        "/post": {
            "get": {
                "tags": [
                    "Post"
                ],
                "summary": "게시글 목록 조회",
                "description": "게시글 목록 조회를 할 수 있습니다.",
                "operationId": "getPosts",
                "parameters": [
                    {
                        "name": "boardId",
                        "in": "query",
                        "required": false,
                        "schema": {
                            "type": "integer",
                            "format": "int64"
                        }
                    },
                    {
                        "name": "keyword",
                        "in": "query",
                        "required": false,
                        "schema": {
                            "type": "string"
                        }
                    },
                    {
                        "name": "page",
                        "in": "query",
                        "required": false,
                        "schema": {
                            "type": "integer",
                            "format": "int32",
                            "default": 0
                        }
                    },
                    {
                        "name": "size",
                        "in": "query",
                        "required": false,
                        "schema": {
                            "type": "integer",
                            "format": "int32",
                            "default": 10
                        }
                    },
                    {
                        "name": "sort",
                        "in": "query",
                        "required": false,
                        "schema": {
                            "type": "string",
                            "default": "createdAt,desc"
                        }
                    }
                ],
                "responses": {
                    "200": {
                        "description": "OK",
                        "content": {
                            "*/*": {
                                "schema": {
                                    "$ref": "#/components/schemas/ApiResponseListGetListPostRespDto"
                                }
                            }
                        }
                    }
                }
            },
            "post": {
                "tags": [
                    "Post"
                ],
                "summary": "게시글 생성",
                "description": "게시글을 생성 할 수 있습니다.",
                "operationId": "createPost",
                "requestBody": {
                    "content": {
                        "multipart/form-data": {
                            "schema": {
                                "required": [
                                    "data"
                                ],
                                "type": "object",
                                "properties": {
                                    "data": {
                                        "$ref": "#/components/schemas/CreatePostReqDto"
                                    },
                                    "images": {
                                        "type": "array",
                                        "items": {
                                            "type": "string",
                                            "format": "binary"
                                        }
                                    }
                                }
                            }
                        }
                    }
                },
                "responses": {
                    "201": {
                        "description": "Created",
                        "content": {
                            "*/*": {
                                "schema": {
                                    "$ref": "#/components/schemas/ApiResponseVoid"
                                }
                            }
                        }
                    }
                }
            }
        },
        "/post2": {
            "post": {
                "tags": [
                    "Post1"
                ],
                "summary": "게시글 생성",
                "description": "게시글을 생성 할 수 있습니다.",
                "operationId": "createPost2",
                "requestBody": {
                    "content": {
                        "multipart/form-data": {
                            "schema": {
                                "$ref": "#/components/schemas/CreatePost2ReqDto"
                            }
                        }
                    },
                    "required": true
                },
                "responses": {
                    "201": {
                        "description": "Created",
                        "content": {
                            "*/*": {
                                "schema": {
                                    "$ref": "#/components/schemas/ApiResponseVoid"
                                }
                            }
                        }
                    }
                }
            }
        },
        "/post/{postId}/like": {
            "post": {
                "tags": [
                    "Post"
                ],
                "summary": "좋아요",
                "description": "게시글에 좋아요를 누를 수 있습니다.",
                "operationId": "toggleLike",
                "parameters": [
                    {
                        "name": "postId",
                        "in": "path",
                        "required": true,
                        "schema": {
                            "type": "integer",
                            "format": "int64"
                        }
                    }
                ],
                "responses": {
                    "200": {
                        "description": "OK",
                        "content": {
                            "*/*": {
                                "schema": {
                                    "$ref": "#/components/schemas/ApiResponseInteger"
                                }
                            }
                        }
                    }
                }
            }
        },
        "/comments/{postId}": {
            "post": {
                "tags": [
                    "Comment"
                ],
                "summary": "댓글 생성",
                "description": "특정 게시글에 댓글을 생성하는 기능입니다.",
                "operationId": "createComment",
                "parameters": [
                    {
                        "name": "postId",
                        "in": "path",
                        "required": true,
                        "schema": {
                            "type": "integer",
                            "format": "int64"
                        }
                    }
                ],
                "requestBody": {
                    "content": {
                        "application/json": {
                            "schema": {
                                "$ref": "#/components/schemas/CreateCommentReqDto"
                            }
                        }
                    },
                    "required": true
                },
                "responses": {
                    "200": {
                        "description": "OK",
                        "content": {
                            "*/*": {
                                "schema": {
                                    "$ref": "#/components/schemas/ApiResponseVoid"
                                }
                            }
                        }
                    }
                }
            }
        },
        "/board/boards": {
            "post": {
                "tags": [
                    "Board"
                ],
                "summary": "게시판 생성",
                "description": "새로운 게시판을 생성할 수 있습니다.",
                "operationId": "createBoard",
                "requestBody": {
                    "content": {
                        "application/json": {
                            "schema": {
                                "$ref": "#/components/schemas/CreateBoardReqDto"
                            }
                        }
                    },
                    "required": true
                },
                "responses": {
                    "200": {
                        "description": "OK",
                        "content": {
                            "*/*": {
                                "schema": {
                                    "$ref": "#/components/schemas/ApiResponseVoid"
                                }
                            }
                        }
                    }
                }
            }
        },
        "/api/v1/member": {
            "post": {
                "tags": [
                    "USER API"
                ],
                "summary": "회원 가입",
                "operationId": "createUser",
                "requestBody": {
                    "content": {
                        "application/json": {
                            "schema": {
                                "$ref": "#/components/schemas/UserCreateReqDto"
                            }
                        }
                    },
                    "required": true
                },
                "responses": {
                    "200": {
                        "description": "OK",
                        "content": {
                            "*/*": {
                                "schema": {
                                    "type": "object"
                                }
                            }
                        }
                    }
                }
            }
        },
        "/api/v1/logout": {
            "post": {
                "tags": [
                    "USER API"
                ],
                "summary": "로그아웃",
                "operationId": "logoutUser",
                "responses": {
                    "200": {
                        "description": "OK",
                        "content": {
                            "*/*": {
                                "schema": {
                                    "type": "object"
                                }
                            }
                        }
                    }
                },
                "security": [
                    {
                        "bearerAuth": []
                    }
                ]
            }
        },
        "/api/v1/login": {
            "post": {
                "tags": [
                    "USER API"
                ],
                "summary": "로그인",
                "operationId": "loginUser",
                "requestBody": {
                    "content": {
                        "application/json": {
                            "schema": {
                                "$ref": "#/components/schemas/LoginUserReqDto"
                            }
                        }
                    },
                    "required": true
                },
                "responses": {
                    "200": {
                        "description": "OK",
                        "content": {
                            "*/*": {
                                "schema": {
                                    "type": "object"
                                }
                            }
                        }
                    }
                }
            }
        },
        "/comments/listAll": {
            "get": {
                "tags": [
                    "Comment"
                ],
                "summary": "댓글 전체 목록 조회",
                "description": "모든 게시글에 달린 댓글을 조회합니다.",
                "operationId": "getCommentAll",
                "parameters": [
                    {
                        "name": "pageNo",
                        "in": "query",
                        "required": false,
                        "schema": {
                            "type": "integer",
                            "format": "int32",
                            "default": 0
                        }
                    },
                    {
                        "name": "pageSize",
                        "in": "query",
                        "required": false,
                        "schema": {
                            "type": "integer",
                            "format": "int32",
                            "default": 10
                        }
                    },
                    {
                        "name": "sortBy",
                        "in": "query",
                        "required": false,
                        "schema": {
                            "type": "string",
                            "default": "createdAt"
                        }
                    },
                    {
                        "name": "direction",
                        "in": "query",
                        "required": false,
                        "schema": {
                            "type": "string",
                            "default": "DESC"
                        }
                    }
                ],
                "responses": {
                    "200": {
                        "description": "OK",
                        "content": {
                            "*/*": {
                                "schema": {
                                    "$ref": "#/components/schemas/ApiResponseListGetCommentRespDto"
                                }
                            }
                        }
                    }
                }
            }
        },
        "/comments/list/{postId}": {
            "get": {
                "tags": [
                    "Comment"
                ],
                "summary": "특정 게시글 댓글 조회",
                "description": "선택한 게시글에 달린 댓글 목록을 조회합니다.",
                "operationId": "getCommentByPost",
                "parameters": [
                    {
                        "name": "postId",
                        "in": "path",
                        "required": true,
                        "schema": {
                            "type": "integer",
                            "format": "int64"
                        }
                    },
                    {
                        "name": "pageNo",
                        "in": "query",
                        "required": false,
                        "schema": {
                            "type": "integer",
                            "format": "int32",
                            "default": 0
                        }
                    },
                    {
                        "name": "pageSize",
                        "in": "query",
                        "required": false,
                        "schema": {
                            "type": "integer",
                            "format": "int32",
                            "default": 10
                        }
                    },
                    {
                        "name": "sortBy",
                        "in": "query",
                        "required": false,
                        "schema": {
                            "type": "string",
                            "default": "createdAt"
                        }
                    },
                    {
                        "name": "direction",
                        "in": "query",
                        "required": false,
                        "schema": {
                            "type": "string",
                            "default": "DESC"
                        }
                    }
                ],
                "responses": {
                    "200": {
                        "description": "OK",
                        "content": {
                            "*/*": {
                                "schema": {
                                    "$ref": "#/components/schemas/ApiResponseListGetCommentRespDto"
                                }
                            }
                        }
                    }
                }
            }
        },
        "/board/list": {
            "get": {
                "tags": [
                    "Board"
                ],
                "summary": "게시판 목록 조회",
                "description": "생성되어있는 모든 게시판을 조회합니다.",
                "operationId": "getBoardList",
                "parameters": [
                    {
                        "name": "pageNo",
                        "in": "query",
                        "required": false,
                        "schema": {
                            "type": "integer",
                            "format": "int32",
                            "default": 0
                        }
                    },
                    {
                        "name": "pageSize",
                        "in": "query",
                        "required": false,
                        "schema": {
                            "type": "integer",
                            "format": "int32",
                            "default": 10
                        }
                    },
                    {
                        "name": "sortBy",
                        "in": "query",
                        "required": false,
                        "schema": {
                            "type": "string",
                            "default": "createdAt"
                        }
                    },
                    {
                        "name": "direction",
                        "in": "query",
                        "required": false,
                        "schema": {
                            "type": "string",
                            "default": "DESC"
                        }
                    }
                ],
                "responses": {
                    "200": {
                        "description": "OK",
                        "content": {
                            "*/*": {
                                "schema": {
                                    "$ref": "#/components/schemas/ApiResponseListGetBoardRespDto"
                                }
                            }
                        }
                    }
                }
            }
        }
    },
    "components": {
        "schemas": {
            "UpdatePostReqDto": {
                "required": [
                    "content",
                    "title"
                ],
                "type": "object",
                "properties": {
                    "title": {
                        "type": "string",
                        "description": "게시글 제목",
                        "example": "우리 집 구리 보러오세요"
                    },
                    "content": {
                        "type": "string",
                        "description": "게시글 내용",
                        "example": "일상 내용"
                    }
                }
            },
            "ApiResponseVoid": {
                "type": "object",
                "properties": {
                    "status": {
                        "type": "string",
                        "enum": [
                            "SUCCESS",
                            "CREATE",
                            "UPDATE",
                            "DELETE",
                            "INVALID",
                            "DUPLICATE",
                            "NOTFOUND",
                            "UNAUTHORIZED",
                            "FORBIDDEN",
                            "ERROR"
                        ]
                    },
                    "message": {
                        "type": "string"
                    },
                    "data": {
                        "type": "object"
                    }
                }
            },
            "UpdateCommentReqDto": {
                "type": "object",
                "properties": {
                    "content": {
                        "type": "string",
                        "description": "수정할 댓글 내용",
                        "example": "수정된 댓글 내용입니다."
                    }
                }
            },
            "UpdateBoardReqDto": {
                "type": "object",
                "properties": {
                    "title": {
                        "type": "string",
                        "description": "변경하고자 하는 게시판 제목",
                        "example": "변경하고자하는 게시판 제목(입력하지 않을 경우 기존값 그대로 유지)"
                    },
                    "description": {
                        "type": "string",
                        "description": "변경하고자 하는 게시판 설명",
                        "example": "변경하고자하는 게시판 설명(입력하지 않을 경우 기존값 그대로 유지)"
                    }
                }
            },
            "CreatePostReqDto": {
                "required": [
                    "boardId",
                    "content",
                    "title"
                ],
                "type": "object",
                "properties": {
                    "title": {
                        "type": "string",
                        "description": "게시글 제목",
                        "example": "우리 집 구리 보러오세요"
                    },
                    "content": {
                        "type": "string",
                        "description": "게시글 내용",
                        "example": "일상 내용"
                    },
                    "boardId": {
                        "type": "integer",
                        "format": "int64"
                    },
                    "likesCount": {
                        "type": "integer",
                        "format": "int32"
                    }
                }
            },
            "CreatePost2ReqDto": {
                "required": [
                    "content",
                    "title"
                ],
                "type": "object",
                "properties": {
                    "title": {
                        "type": "string",
                        "description": "게시글 제목",
                        "example": "정보 게시판 입니다."
                    },
                    "content": {
                        "type": "string",
                        "description": "게시글 내용",
                        "example": "정보 게시판"
                    },
                    "boardId": {
                        "type": "integer",
                        "description": "게시판 ID",
                        "format": "int64",
                        "example": 2
                    },
                    "name": {
                        "type": "string"
                    },
                    "address": {
                        "type": "string"
                    },
                    "latitude": {
                        "type": "number",
                        "format": "double"
                    },
                    "longitude": {
                        "type": "number",
                        "format": "double"
                    },
                    "category": {
                        "type": "string"
                    },
                    "regionCode": {
                        "type": "integer",
                        "format": "int32"
                    }
                }
            },
            "ApiResponseInteger": {
                "type": "object",
                "properties": {
                    "status": {
                        "type": "string",
                        "enum": [
                            "SUCCESS",
                            "CREATE",
                            "UPDATE",
                            "DELETE",
                            "INVALID",
                            "DUPLICATE",
                            "NOTFOUND",
                            "UNAUTHORIZED",
                            "FORBIDDEN",
                            "ERROR"
                        ]
                    },
                    "message": {
                        "type": "string"
                    },
                    "data": {
                        "type": "integer",
                        "format": "int32"
                    }
                }
            },
            "CreateCommentReqDto": {
                "type": "object",
                "properties": {
                    "content": {
                        "type": "string",
                        "description": "댓글 내용",
                        "example": "댓글 내용을 남겨주세요."
                    }
                }
            },
            "CreateBoardReqDto": {
                "type": "object",
                "properties": {
                    "title": {
                        "type": "string",
                        "description": "게시판 제목",
                        "example": "일상 게시판"
                    },
                    "description": {
                        "type": "string",
                        "description": "게시판 설명",
                        "example": "일상 게시판을 활용하여 반려동물과의 일상을 기록해보세요."
                    },
                    "boardType": {
                        "type": "string",
                        "description": "게시판 유형",
                        "example": "GENERAL",
                        "enum": [
                            "GENERAL",
                            "INFO"
                        ]
                    }
                }
            },
            "UserCreateReqDto": {
                "required": [
                    "email",
                    "nick",
                    "password"
                ],
                "type": "object",
                "properties": {
                    "email": {
                        "type": "string",
                        "example": "user1@naver.com"
                    },
                    "password": {
                        "pattern": "^(?=.*[A-Z])(?=.*[0-9])(?=.*[a-z])(?=.*[!@#$%^&*()-+=]).{8,}$",
                        "type": "string",
                        "example": "Qwer1234^^"
                    },
                    "nick": {
                        "type": "string",
                        "example": "user1"
                    }
                }
            },
            "LoginUserReqDto": {
                "required": [
                    "email",
                    "password"
                ],
                "type": "object",
                "properties": {
                    "email": {
                        "type": "string",
                        "example": "user1@naver.com"
                    },
                    "password": {
                        "type": "string",
                        "example": "Qwer1234^^"
                    }
                }
            },
            "ApiResponseListGetListPostRespDto": {
                "type": "object",
                "properties": {
                    "status": {
                        "type": "string",
                        "enum": [
                            "SUCCESS",
                            "CREATE",
                            "UPDATE",
                            "DELETE",
                            "INVALID",
                            "DUPLICATE",
                            "NOTFOUND",
                            "UNAUTHORIZED",
                            "FORBIDDEN",
                            "ERROR"
                        ]
                    },
                    "message": {
                        "type": "string"
                    },
                    "data": {
                        "type": "array",
                        "items": {
                            "$ref": "#/components/schemas/GetListPostRespDto"
                        }
                    }
                }
            },
            "GetListPostRespDto": {
                "type": "object",
                "properties": {
                    "id": {
                        "type": "integer",
                        "format": "int64"
                    },
                    "title": {
                        "type": "string"
                    },
                    "contentPreview": {
                        "type": "string"
                    },
                    "createdAt": {
                        "type": "string",
                        "format": "date-time"
                    },
                    "updatedAt": {
                        "type": "string",
                        "format": "date-time"
                    },
                    "views": {
                        "type": "integer",
                        "format": "int32"
                    },
                    "likesCount": {
                        "type": "integer",
                        "format": "int32"
                    }
                }
            },
            "ApiResponseGetDetailPostRespDto": {
                "type": "object",
                "properties": {
                    "status": {
                        "type": "string",
                        "enum": [
                            "SUCCESS",
                            "CREATE",
                            "UPDATE",
                            "DELETE",
                            "INVALID",
                            "DUPLICATE",
                            "NOTFOUND",
                            "UNAUTHORIZED",
                            "FORBIDDEN",
                            "ERROR"
                        ]
                    },
                    "message": {
                        "type": "string"
                    },
                    "data": {
                        "$ref": "#/components/schemas/GetDetailPostRespDto"
                    }
                }
            },
            "GetDetailPostRespDto": {
                "type": "object",
                "properties": {
                    "postId": {
                        "type": "integer",
                        "format": "int64"
                    },
                    "title": {
                        "type": "string"
                    },
                    "content": {
                        "type": "string"
                    },
                    "createdAt": {
                        "type": "string",
                        "format": "date-time"
                    },
                    "updatedAt": {
                        "type": "string",
                        "format": "date-time"
                    }
                }
            },
            "ApiResponseListGetCommentRespDto": {
                "type": "object",
                "properties": {
                    "status": {
                        "type": "string",
                        "enum": [
                            "SUCCESS",
                            "CREATE",
                            "UPDATE",
                            "DELETE",
                            "INVALID",
                            "DUPLICATE",
                            "NOTFOUND",
                            "UNAUTHORIZED",
                            "FORBIDDEN",
                            "ERROR"
                        ]
                    },
                    "message": {
                        "type": "string"
                    },
                    "data": {
                        "type": "array",
                        "items": {
                            "$ref": "#/components/schemas/GetCommentRespDto"
                        }
                    }
                }
            },
            "GetCommentRespDto": {
                "type": "object",
                "properties": {
                    "commentId": {
                        "type": "integer",
                        "format": "int64"
                    },
                    "content": {
                        "type": "string"
                    },
                    "postId": {
                        "type": "integer",
                        "format": "int64"
                    },
                    "createAt": {
                        "type": "string",
                        "format": "date-time"
                    },
                    "updateAt": {
                        "type": "string",
                        "format": "date-time"
                    }
                }
            },
            "ApiResponseGetBoardRespDto": {
                "type": "object",
                "properties": {
                    "status": {
                        "type": "string",
                        "enum": [
                            "SUCCESS",
                            "CREATE",
                            "UPDATE",
                            "DELETE",
                            "INVALID",
                            "DUPLICATE",
                            "NOTFOUND",
                            "UNAUTHORIZED",
                            "FORBIDDEN",
                            "ERROR"
                        ]
                    },
                    "message": {
                        "type": "string"
                    },
                    "data": {
                        "$ref": "#/components/schemas/GetBoardRespDto"
                    }
                }
            },
            "GetBoardRespDto": {
                "type": "object",
                "properties": {
                    "boardId": {
                        "type": "integer",
                        "format": "int64"
                    },
                    "title": {
                        "type": "string"
                    },
                    "description": {
                        "type": "string"
                    },
                    "isDelete": {
                        "type": "boolean"
                    },
                    "createdAt": {
                        "type": "string",
                        "format": "date-time"
                    },
                    "updatedAt": {
                        "type": "string",
                        "format": "date-time"
                    }
                }
            },
            "ApiResponseListGetBoardRespDto": {
                "type": "object",
                "properties": {
                    "status": {
                        "type": "string",
                        "enum": [
                            "SUCCESS",
                            "CREATE",
                            "UPDATE",
                            "DELETE",
                            "INVALID",
                            "DUPLICATE",
                            "NOTFOUND",
                            "UNAUTHORIZED",
                            "FORBIDDEN",
                            "ERROR"
                        ]
                    },
                    "message": {
                        "type": "string"
                    },
                    "data": {
                        "type": "array",
                        "items": {
                            "$ref": "#/components/schemas/GetBoardRespDto"
                        }
                    }
                }
            }
        },
        "securitySchemes": {
            "bearerAuth": {
                "type": "http",
                "scheme": "bearer",
                "bearerFormat": "JWT"
            }
        }
    }
}